"New York, NY",https://www.linkedin.com/company/simplyseek?trk=public_jobs_jserp-result_job-search-card-subtitle,Data Entry Clerk Jr / Remote,Simply Seek
"Los Angeles, CA",https://www.linkedin.com/company/resrch-lab?trk=public_jobs_jserp-result_job-search-card-subtitle,Remote Junior Typist Data Entry,Resrch Lab
"San Diego, CA",https://www.linkedin.com/company/simplyseek?trk=public_jobs_jserp-result_job-search-card-subtitle,Jr Data Entry Operator (Remote),Simply Seek
"Cleveland, OH",https://www.linkedin.com/company/pat-norton-consulting?trk=public_jobs_jserp-result_job-search-card-subtitle,Administrative Assistant (Remote),Norton Consulting
"Houston, TX",https://www.linkedin.com/company/matchhealth?trk=public_jobs_jserp-result_job-search-card-subtitle,"Data Entry Clerk, Junior (Remote)",Match Health
"New York, NY",https://www.linkedin.com/company/simplyseek?trk=public_jobs_jserp-result_job-search-card-subtitle,Data Entry Operator Jr / Remote,Simply Seek
"Houston, TX",https://www.linkedin.com/company/simplyseek?trk=public_jobs_jserp-result_job-search-card-subtitle,Data Entry Operator | Remote,Simply Seek
"San Antonio, TX",https://www.linkedin.com/company/simplyseek?trk=public_jobs_jserp-result_job-search-card-subtitle,Jr Data Entry Assistant - Remote,Simply Seek
"Los Angeles, CA",https://www.linkedin.com/company/simplyseek?trk=public_jobs_jserp-result_job-search-card-subtitle,Jr Data Entry Operator / Remote,Simply Seek
"Erda, UT",https://www.linkedin.com/company/pat-norton-consulting?trk=public_jobs_jserp-result_job-search-card-subtitle,Administrative Assistant (Remote),Norton Consulting
"Chicago, IL",https://www.linkedin.com/company/matchhealth?trk=public_jobs_jserp-result_job-search-card-subtitle,Junior - Data Entry Specialist (Remote),Match Health
"Jersey City, NJ",https://www.linkedin.com/company/pat-norton-consulting?trk=public_jobs_jserp-result_job-search-card-subtitle,Customer Relations Coordinator (Remote),Norton Consulting
"Stillwater, OK",https://www.linkedin.com/company/pat-norton-consulting?trk=public_jobs_jserp-result_job-search-card-subtitle,Customer Relations Coordinator (Remote),Norton Consulting
"Almena, KS",https://www.linkedin.com/company/feyerinc?trk=public_jobs_jserp-result_job-search-card-subtitle,Remote Reservation Specialist,FeyerINC
"Denver, CO",https://uk.linkedin.com/company/ecocareers?trk=public_jobs_jserp-result_job-search-card-subtitle,Associate Project Manager - Remote US,ecocareers
"Tallulah, LA",https://www.linkedin.com/company/feyerinc?trk=public_jobs_jserp-result_job-search-card-subtitle,Remote Travel Scheduler,FeyerINC
"Bruceville-Eddy, TX",https://www.linkedin.com/company/pat-norton-consulting?trk=public_jobs_jserp-result_job-search-card-subtitle,Customer Service Representative (Remote),Norton Consulting